minute,movementRaw,movementAvailability,heartRate,sdnn,spo2,groundTruthStage,spo2Status,movementPacketID,vendorHeartRate,vendorSDNN,vendorOxygen,vendorRecordIDs
"2026-09-27T00:45:00+03:00","128","observedRawSignal","","","","Core","","6210951E-9800-5B3A-8611-FE16E658B0EA","","","",""
"2026-09-27T00:46:00+03:00","128","observedRawSignal","","","","Core","","6210951E-9800-5B3A-8611-FE16E658B0EA","","","",""
"2026-09-27T00:47:00+03:00","128","observedRawSignal","","","","Core","","6210951E-9800-5B3A-8611-FE16E658B0EA","","","",""
"2026-09-27T00:48:00+03:00","128","observedRawSignal","","","","Core","","6210951E-9800-5B3A-8611-FE16E658B0EA","","","",""
"2026-09-27T00:49:00+03:00","128","observedRawSignal","","","","Core","","6210951E-9800-5B3A-8611-FE16E658B0EA","","","",""
"2026-09-27T00:50:00+03:00","128","observedRawSignal","","","","Core","","6210951E-9800-5B3A-8611-FE16E658B0EA","","","",""
"2026-09-27T00:51:00+03:00","128","observedRawSignal","","","","Core","","6210951E-9800-5B3A-8611-FE16E658B0EA","","","",""
"2026-09-27T00:52:00+03:00","128","observedRawSignal","","","","Core","","6210951E-9800-5B3A-8611-FE16E658B0EA","","","",""
"2026-09-27T00:53:00+03:00","128","observedRawSignal","","","","Core","","6210951E-9800-5B3A-8611-FE16E658B0EA","","","",""
"2026-09-27T00:54:00+03:00","128","observedRawSignal","","","","Core","","6210951E-9800-5B3A-8611-FE16E658B0EA","","","",""
"2026-09-27T00:55:00+03:00","128","observedRawSignal","","","","Core","","6210951E-9800-5B3A-8611-FE16E658B0EA","","","",""
"2026-09-27T00:56:00+03:00","128","observedRawSignal","","","","Core","","6210951E-9800-5B3A-8611-FE16E658B0EA","","","",""
"2026-09-27T00:57:00+03:00","128","observedRawSignal","","","","Core","","6210951E-9800-5B3A-8611-FE16E658B0EA","","","",""
"2026-09-27T00:58:00+03:00","128","observedRawSignal","","","","Core","","6210951E-9800-5B3A-8611-FE16E658B0EA","","","",""
"2026-09-27T00:59:00+03:00","130","observedRawSignal","","","","Core","","6210951E-9800-5B3A-8611-FE16E658B0EA","","","",""
"2026-09-27T01:00:00+03:00","128","observedRawSignal","","","","Core","","6210951E-9800-5B3A-8611-FE16E658B0EA","","","",""
"2026-09-27T01:01:00+03:00","134","observedRawSignal","","","","Core","","6210951E-9800-5B3A-8611-FE16E658B0EA","","","",""
"2026-09-27T01:02:00+03:00","144","observedRawSignal","","","","Core","","6210951E-9800-5B3A-8611-FE16E658B0EA","","","",""
"2026-09-27T01:03:00+03:00","128","observedRawSignal","","","","Core","","6210951E-9800-5B3A-8611-FE16E658B0EA","","","",""
"2026-09-27T01:04:00+03:00","128","observedRawSignal","","","","Core","","6210951E-9800-5B3A-8611-FE16E658B0EA","","","",""
"2026-09-27T01:05:00+03:00","128","observedRawSignal","","12.0","","Core","","6210951E-9800-5B3A-8611-FE16E658B0EA","75.0","12.0","","01bacab48848852420c09c02b462c47ff6bf5d527586db49013ec818bc5658fe;b81be963c1dbf0bd128f64f3c77dcef7c901ed519e6153b147f0576c2aa23902"
"2026-09-27T01:06:00+03:00","128","observedRawSignal","","","","Core","","6210951E-9800-5B3A-8611-FE16E658B0EA","","","",""
"2026-09-27T01:07:00+03:00","129","observedRawSignal","","","","Core","","6210951E-9800-5B3A-8611-FE16E658B0EA","","","",""
"2026-09-27T01:08:00+03:00","128","observedRawSignal","","","","Core","","6210951E-9800-5B3A-8611-FE16E658B0EA","","","",""
"2026-09-27T01:09:00+03:00","128","observedRawSignal","","","","Core","","6210951E-9800-5B3A-8611-FE16E658B0EA","","","",""
"2026-09-27T01:10:00+03:00","128","observedRawSignal","","","","Core","","6210951E-9800-5B3A-8611-FE16E658B0EA","","","",""
"2026-09-27T01:11:00+03:00","128","observedRawSignal","","","","Core","","6210951E-9800-5B3A-8611-FE16E658B0EA","","","",""
"2026-09-27T01:12:00+03:00","128","observedRawSignal","","","","Core","","6210951E-9800-5B3A-8611-FE16E658B0EA","","","",""
"2026-09-27T01:13:00+03:00","128","observedRawSignal","","","","REM","","6210951E-9800-5B3A-8611-FE16E658B0EA","","","",""
"2026-09-27T01:14:00+03:00","128","observedRawSignal","","","","REM","","6210951E-9800-5B3A-8611-FE16E658B0EA","","","",""
"2026-09-27T01:15:00+03:00","128","observedRawSignal","","","","REM","","6210951E-9800-5B3A-8611-FE16E658B0EA","","","",""
"2026-09-27T01:16:00+03:00","128","observedRawSignal","","","","REM","","6210951E-9800-5B3A-8611-FE16E658B0EA","","","",""
"2026-09-27T01:17:00+03:00","128","observedRawSignal","","","","REM","","6210951E-9800-5B3A-8611-FE16E658B0EA","","","",""
"2026-09-27T01:18:00+03:00","128","observedRawSignal","","","","REM","","6210951E-9800-5B3A-8611-FE16E658B0EA","","","",""
"2026-09-27T01:19:00+03:00","128","observedRawSignal","","","","REM","","6210951E-9800-5B3A-8611-FE16E658B0EA","","","",""
"2026-09-27T01:20:00+03:00","128","observedRawSignal","","","","REM","","6210951E-9800-5B3A-8611-FE16E658B0EA","","","",""
"2026-09-27T01:21:00+03:00","128","observedRawSignal","","","","REM","","6210951E-9800-5B3A-8611-FE16E658B0EA","","","",""
"2026-09-27T01:22:00+03:00","128","observedRawSignal","","","","REM","","6210951E-9800-5B3A-8611-FE16E658B0EA","","","",""
"2026-09-27T01:23:00+03:00","128","observedRawSignal","","","","REM","","6210951E-9800-5B3A-8611-FE16E658B0EA","","","",""
"2026-09-27T01:24:00+03:00","128","observedRawSignal","","","","REM","","6210951E-9800-5B3A-8611-FE16E658B0EA","","","",""
"2026-09-27T01:25:00+03:00","128","observedRawSignal","","","","REM","","6210951E-9800-5B3A-8611-FE16E658B0EA","","","",""
"2026-09-27T01:26:00+03:00","128","observedRawSignal","","","","REM","","6210951E-9800-5B3A-8611-FE16E658B0EA","","","",""
"2026-09-27T01:27:00+03:00","128","observedRawSignal","","","","REM","","6210951E-9800-5B3A-8611-FE16E658B0EA","","","",""
"2026-09-27T01:28:00+03:00","128","observedRawSignal","","","","REM","","6210951E-9800-5B3A-8611-FE16E658B0EA","","","",""
"2026-09-27T01:29:00+03:00","128","observedRawSignal","","","","REM","","6210951E-9800-5B3A-8611-FE16E658B0EA","","","",""
"2026-09-27T01:30:00+03:00","128","observedRawSignal","","","","REM","","6210951E-9800-5B3A-8611-FE16E658B0EA","","","",""
"2026-09-27T01:31:00+03:00","128","observedRawSignal","","","","REM","","6210951E-9800-5B3A-8611-FE16E658B0EA","","","",""
"2026-09-27T01:32:00+03:00","128","observedRawSignal","","","","REM","","6210951E-9800-5B3A-8611-FE16E658B0EA","","","",""
"2026-09-27T01:33:00+03:00","128","observedRawSignal","","","","REM","","6210951E-9800-5B3A-8611-FE16E658B0EA","","","",""
"2026-09-27T01:34:00+03:00","128","observedRawSignal","","","","REM","","6210951E-9800-5B3A-8611-FE16E658B0EA","","","",""
"2026-09-27T01:35:00+03:00","128","observedRawSignal","","10.0","","Core","","6210951E-9800-5B3A-8611-FE16E658B0EA","75.0","10.0","","df6d274ce22cc97a47bc154a5466a9e960a39588fa45b9bbca817995cee964f4;6ec9db8a00b9656126fd854ba4549adcd7fc78b27dd8b1a87adb8904a539827d"
"2026-09-27T01:36:00+03:00","128","observedRawSignal","","","","Core","","6210951E-9800-5B3A-8611-FE16E658B0EA","","","",""
"2026-09-27T01:37:00+03:00","128","observedRawSignal","","","","Core","","6210951E-9800-5B3A-8611-FE16E658B0EA","","","",""
"2026-09-27T01:38:00+03:00","128","observedRawSignal","","","","Core","","6210951E-9800-5B3A-8611-FE16E658B0EA","","","",""
"2026-09-27T01:39:00+03:00","128","observedRawSignal","","","","Core","","6210951E-9800-5B3A-8611-FE16E658B0EA","","","",""
"2026-09-27T01:40:00+03:00","128","observedRawSignal","","","","Core","","6210951E-9800-5B3A-8611-FE16E658B0EA","","","",""
"2026-09-27T01:41:00+03:00","128","observedRawSignal","","","","Core","","6210951E-9800-5B3A-8611-FE16E658B0EA","","","",""
"2026-09-27T01:42:00+03:00","128","observedRawSignal","","","","Core","","6210951E-9800-5B3A-8611-FE16E658B0EA","","","",""
"2026-09-27T01:43:00+03:00","128","observedRawSignal","","","","Core","","6210951E-9800-5B3A-8611-FE16E658B0EA","","","",""
"2026-09-27T01:44:00+03:00","128","observedRawSignal","","","","REM","","6210951E-9800-5B3A-8611-FE16E658B0EA","","","",""
"2026-09-27T01:45:00+03:00","128","observedRawSignal","","","","REM","","6210951E-9800-5B3A-8611-FE16E658B0EA","","","",""
"2026-09-27T01:46:00+03:00","128","observedRawSignal","","","","REM","","6210951E-9800-5B3A-8611-FE16E658B0EA","","","",""
"2026-09-27T01:47:00+03:00","136","observedRawSignal","","","","REM","","6210951E-9800-5B3A-8611-FE16E658B0EA","","","",""
"2026-09-27T01:48:00+03:00","136","observedRawSignal","","","","REM","","6210951E-9800-5B3A-8611-FE16E658B0EA","","","",""
"2026-09-27T01:49:00+03:00","128","observedRawSignal","","","","REM","","6210951E-9800-5B3A-8611-FE16E658B0EA","","","",""
"2026-09-27T01:50:00+03:00","128","observedRawSignal","","","","REM","","6210951E-9800-5B3A-8611-FE16E658B0EA","","","",""
"2026-09-27T01:51:00+03:00","128","observedRawSignal","","","","REM","","6210951E-9800-5B3A-8611-FE16E658B0EA","","","",""
"2026-09-27T01:52:00+03:00","128","observedRawSignal","","","","REM","","6210951E-9800-5B3A-8611-FE16E658B0EA","","","",""
"2026-09-27T01:53:00+03:00","128","observedRawSignal","","","","REM","","6210951E-9800-5B3A-8611-FE16E658B0EA","","","",""
"2026-09-27T01:54:00+03:00","128","observedRawSignal","","","","Core","","6210951E-9800-5B3A-8611-FE16E658B0EA","","","",""
"2026-09-27T01:55:00+03:00","128","observedRawSignal","","","","Core","","6210951E-9800-5B3A-8611-FE16E658B0EA","","","",""
"2026-09-27T01:56:00+03:00","128","observedRawSignal","","","","Core","","6210951E-9800-5B3A-8611-FE16E658B0EA","","","",""
"2026-09-27T01:57:00+03:00","128","observedRawSignal","","","","Core","","6210951E-9800-5B3A-8611-FE16E658B0EA","","","",""
"2026-09-27T01:58:00+03:00","128","observedRawSignal","","","","Core","","6210951E-9800-5B3A-8611-FE16E658B0EA","","","",""
"2026-09-27T01:59:00+03:00","135","observedRawSignal","","","","Core","","6210951E-9800-5B3A-8611-FE16E658B0EA","","","",""
"2026-09-27T02:00:00+03:00","128","observedRawSignal","","","","Deep","","6210951E-9800-5B3A-8611-FE16E658B0EA","","","",""
"2026-09-27T02:01:00+03:00","128","observedRawSignal","","","","Core","","6210951E-9800-5B3A-8611-FE16E658B0EA","","","",""
"2026-09-27T02:02:00+03:00","128","observedRawSignal","","","","Core","","6210951E-9800-5B3A-8611-FE16E658B0EA","","","",""
"2026-09-27T02:03:00+03:00","128","observedRawSignal","","","","Core","","6210951E-9800-5B3A-8611-FE16E658B0EA","","","",""
"2026-09-27T02:04:00+03:00","128","observedRawSignal","","","","Core","","6210951E-9800-5B3A-8611-FE16E658B0EA","","","",""
"2026-09-27T02:05:00+03:00","128","observedRawSignal","","14.0","","Core","","6210951E-9800-5B3A-8611-FE16E658B0EA","70.0","14.0","","d9920c47bdbe331bbb25f6504d26b08c9509a43cba37453af284b658f6550337;8fc367f8e35fb1303e22f660e84fcb83a928dbe50779303c0e93e75f629743a8"
"2026-09-27T02:06:00+03:00","128","observedRawSignal","","","","Core","","6210951E-9800-5B3A-8611-FE16E658B0EA","","","",""
"2026-09-27T02:07:00+03:00","128","observedRawSignal","","","","Core","","6210951E-9800-5B3A-8611-FE16E658B0EA","","","",""
"2026-09-27T02:08:00+03:00","128","observedRawSignal","","","","Core","","6210951E-9800-5B3A-8611-FE16E658B0EA","","","",""
"2026-09-27T02:09:00+03:00","128","observedRawSignal","","","","Core","","6210951E-9800-5B3A-8611-FE16E658B0EA","","","",""
"2026-09-27T02:10:00+03:00","128","observedRawSignal","","","","Core","","6210951E-9800-5B3A-8611-FE16E658B0EA","","","",""
"2026-09-27T02:11:00+03:00","128","observedRawSignal","","","","Deep","","6210951E-9800-5B3A-8611-FE16E658B0EA","","","",""
"2026-09-27T02:12:00+03:00","154","observedRawSignal","","","","Deep","","6210951E-9800-5B3A-8611-FE16E658B0EA","","","",""
"2026-09-27T02:13:00+03:00","149","observedRawSignal","","","","Deep","","6210951E-9800-5B3A-8611-FE16E658B0EA","","","",""
"2026-09-27T02:14:00+03:00","183","observedRawSignal","","","","Core","","6210951E-9800-5B3A-8611-FE16E658B0EA","","","",""
"2026-09-27T02:15:00+03:00","139","observedRawSignal","","","","Core","","6210951E-9800-5B3A-8611-FE16E658B0EA","","","",""
"2026-09-27T02:16:00+03:00","135","observedRawSignal","","","","Core","","6210951E-9800-5B3A-8611-FE16E658B0EA","","","",""
"2026-09-27T02:17:00+03:00","128","observedRawSignal","","","","Core","","6210951E-9800-5B3A-8611-FE16E658B0EA","","","",""
"2026-09-27T02:18:00+03:00","128","observedRawSignal","","","","Core","","6210951E-9800-5B3A-8611-FE16E658B0EA","","","",""
"2026-09-27T02:19:00+03:00","128","observedRawSignal","","","","Awake","","6210951E-9800-5B3A-8611-FE16E658B0EA","","","",""
"2026-09-27T02:20:00+03:00","128","observedRawSignal","","","","Awake","","6210951E-9800-5B3A-8611-FE16E658B0EA","","","",""
"2026-09-27T02:21:00+03:00","128","observedRawSignal","","","","Awake","","6210951E-9800-5B3A-8611-FE16E658B0EA","","","",""
"2026-09-27T02:22:00+03:00","128","observedRawSignal","","","","Awake","","6210951E-9800-5B3A-8611-FE16E658B0EA","","","",""
"2026-09-27T02:23:00+03:00","128","observedRawSignal","","","","Awake","","6210951E-9800-5B3A-8611-FE16E658B0EA","","","",""
"2026-09-27T02:24:00+03:00","128","observedRawSignal","","","","Core","","6210951E-9800-5B3A-8611-FE16E658B0EA","","","",""
"2026-09-27T02:25:00+03:00","128","observedRawSignal","","","","Core","","6210951E-9800-5B3A-8611-FE16E658B0EA","","","",""
"2026-09-27T02:26:00+03:00","128","observedRawSignal","","","","Core","","6210951E-9800-5B3A-8611-FE16E658B0EA","","","",""
"2026-09-27T02:27:00+03:00","128","observedRawSignal","","","","Core","","6210951E-9800-5B3A-8611-FE16E658B0EA","","","",""
"2026-09-27T02:28:00+03:00","128","observedRawSignal","","","","Core","","6210951E-9800-5B3A-8611-FE16E658B0EA","","","",""
"2026-09-27T02:29:00+03:00","128","observedRawSignal","","","","Core","","6210951E-9800-5B3A-8611-FE16E658B0EA","","","",""
"2026-09-27T02:30:00+03:00","128","observedRawSignal","","","","Core","","6210951E-9800-5B3A-8611-FE16E658B0EA","","","",""
"2026-09-27T02:31:00+03:00","128","observedRawSignal","","","","Core","","6210951E-9800-5B3A-8611-FE16E658B0EA","","","",""
"2026-09-27T02:32:00+03:00","128","observedRawSignal","","","","Core","","6210951E-9800-5B3A-8611-FE16E658B0EA","","","",""
"2026-09-27T02:33:00+03:00","128","observedRawSignal","","","","Core","","6210951E-9800-5B3A-8611-FE16E658B0EA","","","",""
"2026-09-27T02:34:00+03:00","128","observedRawSignal","","","","Core","","6210951E-9800-5B3A-8611-FE16E658B0EA","","","",""
"2026-09-27T02:35:00+03:00","128","observedRawSignal","","11.0","","Core","","6210951E-9800-5B3A-8611-FE16E658B0EA","73.0","11.0","","c27e8ebc504c12ca1f7d05e65990cf7c4190192dae580b44426d3fd5fd6d5e73;852233a9e555ff86d56dce4b23a7c7e0f81642b1fd85849ce8c4003f5357d2ff"
"2026-09-27T02:36:00+03:00","128","observedRawSignal","","","","Core","","6210951E-9800-5B3A-8611-FE16E658B0EA","","","",""
"2026-09-27T02:37:00+03:00","128","observedRawSignal","","","","Core","","6210951E-9800-5B3A-8611-FE16E658B0EA","","","",""
"2026-09-27T02:38:00+03:00","128","observedRawSignal","","","","Core","","6210951E-9800-5B3A-8611-FE16E658B0EA","","","",""
"2026-09-27T02:39:00+03:00","128","observedRawSignal","","","","Core","","6210951E-9800-5B3A-8611-FE16E658B0EA","","","",""
"2026-09-27T02:40:00+03:00","128","observedRawSignal","","","","Core","","6210951E-9800-5B3A-8611-FE16E658B0EA","","","",""
"2026-09-27T02:41:00+03:00","133","observedRawSignal","","","","Core","","6210951E-9800-5B3A-8611-FE16E658B0EA","","","",""
"2026-09-27T02:42:00+03:00","132","observedRawSignal","","","","Core","","6210951E-9800-5B3A-8611-FE16E658B0EA","","","",""
"2026-09-27T02:43:00+03:00","128","observedRawSignal","","","","Core","","6210951E-9800-5B3A-8611-FE16E658B0EA","","","",""
"2026-09-27T02:44:00+03:00","128","observedRawSignal","","","","Core","","6210951E-9800-5B3A-8611-FE16E658B0EA","","","",""
"2026-09-27T02:45:00+03:00","130","observedRawSignal","","","","Core","","6210951E-9800-5B3A-8611-FE16E658B0EA","","","",""
"2026-09-27T02:46:00+03:00","128","observedRawSignal","","","","Core","","6210951E-9800-5B3A-8611-FE16E658B0EA","","","",""
"2026-09-27T02:47:00+03:00","128","observedRawSignal","","","","Core","","6210951E-9800-5B3A-8611-FE16E658B0EA","","","",""
"2026-09-27T02:48:00+03:00","128","observedRawSignal","","","","Core","","6210951E-9800-5B3A-8611-FE16E658B0EA","","","",""
"2026-09-27T02:49:00+03:00","128","observedRawSignal","","","","Core","","6210951E-9800-5B3A-8611-FE16E658B0EA","","","",""
"2026-09-27T02:50:00+03:00","128","observedRawSignal","","","","Core","","6210951E-9800-5B3A-8611-FE16E658B0EA","","","",""
"2026-09-27T02:51:00+03:00","128","observedRawSignal","","","","Core","","6210951E-9800-5B3A-8611-FE16E658B0EA","","","",""
"2026-09-27T02:52:00+03:00","128","observedRawSignal","","","","Core","","6210951E-9800-5B3A-8611-FE16E658B0EA","","","",""
"2026-09-27T02:53:00+03:00","128","observedRawSignal","","","","Core","","6210951E-9800-5B3A-8611-FE16E658B0EA","","","",""
"2026-09-27T02:54:00+03:00","128","observedRawSignal","","","","Core","","6210951E-9800-5B3A-8611-FE16E658B0EA","","","",""
"2026-09-27T02:55:00+03:00","128","observedRawSignal","","","","Core","","6210951E-9800-5B3A-8611-FE16E658B0EA","","","",""
"2026-09-27T02:56:00+03:00","128","observedRawSignal","","","","Core","","6210951E-9800-5B3A-8611-FE16E658B0EA","","","",""
"2026-09-27T02:57:00+03:00","128","observedRawSignal","","","","Core","","6210951E-9800-5B3A-8611-FE16E658B0EA","","","",""
"2026-09-27T02:58:00+03:00","128","observedRawSignal","","","","Core","","6210951E-9800-5B3A-8611-FE16E658B0EA","","","",""
"2026-09-27T02:59:00+03:00","128","observedRawSignal","","","","Core","","6210951E-9800-5B3A-8611-FE16E658B0EA","","","",""
"2026-09-27T03:00:00+03:00","128","observedRawSignal","","","","REM","","F8FDD703-AC97-5BDF-B378-814F06A209D0","","","",""
"2026-09-27T03:01:00+03:00","128","observedRawSignal","","","","REM","","F8FDD703-AC97-5BDF-B378-814F06A209D0","","","",""
"2026-09-27T03:02:00+03:00","130","observedRawSignal","","","","REM","","F8FDD703-AC97-5BDF-B378-814F06A209D0","","","",""
"2026-09-27T03:03:00+03:00","128","observedRawSignal","","","","REM","","F8FDD703-AC97-5BDF-B378-814F06A209D0","","","",""
"2026-09-27T03:04:00+03:00","128","observedRawSignal","","","","REM","","F8FDD703-AC97-5BDF-B378-814F06A209D0","","","",""
"2026-09-27T03:05:00+03:00","140","observedRawSignal","","11.0","","REM","","F8FDD703-AC97-5BDF-B378-814F06A209D0","77.0","11.0","","66c3fd827439f64239d991bf03b7fd5106c7536517c279e4df5a22a956b3918f;ebb8804c0e97b7e91cac18ab584ffc997c659f874381abe291c9865610cafaef"
"2026-09-27T03:06:00+03:00","128","observedRawSignal","","","","REM","","F8FDD703-AC97-5BDF-B378-814F06A209D0","","","",""
"2026-09-27T03:07:00+03:00","128","observedRawSignal","","","","REM","","F8FDD703-AC97-5BDF-B378-814F06A209D0","","","",""
"2026-09-27T03:08:00+03:00","128","observedRawSignal","","","","REM","","F8FDD703-AC97-5BDF-B378-814F06A209D0","","","",""
"2026-09-27T03:09:00+03:00","128","observedRawSignal","","","","REM","","F8FDD703-AC97-5BDF-B378-814F06A209D0","","","",""
"2026-09-27T03:10:00+03:00","128","observedRawSignal","","","","REM","","F8FDD703-AC97-5BDF-B378-814F06A209D0","","","",""
"2026-09-27T03:11:00+03:00","128","observedRawSignal","","","","REM","","F8FDD703-AC97-5BDF-B378-814F06A209D0","","","",""
"2026-09-27T03:12:00+03:00","128","observedRawSignal","","","","REM","","F8FDD703-AC97-5BDF-B378-814F06A209D0","","","",""
"2026-09-27T03:13:00+03:00","128","observedRawSignal","","","","REM","","F8FDD703-AC97-5BDF-B378-814F06A209D0","","","",""
"2026-09-27T03:14:00+03:00","128","observedRawSignal","","","","REM","","F8FDD703-AC97-5BDF-B378-814F06A209D0","","","",""
"2026-09-27T03:15:00+03:00","128","observedRawSignal","","","","REM","","F8FDD703-AC97-5BDF-B378-814F06A209D0","","","",""
"2026-09-27T03:16:00+03:00","128","observedRawSignal","","","","REM","","F8FDD703-AC97-5BDF-B378-814F06A209D0","","","",""
"2026-09-27T03:17:00+03:00","128","observedRawSignal","","","","Deep","","F8FDD703-AC97-5BDF-B378-814F06A209D0","","","",""
"2026-09-27T03:18:00+03:00","128","observedRawSignal","","","","Deep","","F8FDD703-AC97-5BDF-B378-814F06A209D0","","","",""
"2026-09-27T03:19:00+03:00","136","observedRawSignal","","","","Deep","","F8FDD703-AC97-5BDF-B378-814F06A209D0","","","",""
"2026-09-27T03:20:00+03:00","128","observedRawSignal","","","","Deep","","F8FDD703-AC97-5BDF-B378-814F06A209D0","","","",""
"2026-09-27T03:21:00+03:00","128","observedRawSignal","","","","Core","","F8FDD703-AC97-5BDF-B378-814F06A209D0","","","",""
"2026-09-27T03:22:00+03:00","128","observedRawSignal","","","","Core","","F8FDD703-AC97-5BDF-B378-814F06A209D0","","","",""
"2026-09-27T03:23:00+03:00","128","observedRawSignal","","","","Core","","F8FDD703-AC97-5BDF-B378-814F06A209D0","","","",""
"2026-09-27T03:24:00+03:00","128","observedRawSignal","","","","Core","","F8FDD703-AC97-5BDF-B378-814F06A209D0","","","",""
"2026-09-27T03:25:00+03:00","138","observedRawSignal","","","","Core","","F8FDD703-AC97-5BDF-B378-814F06A209D0","","","",""
"2026-09-27T03:26:00+03:00","128","observedRawSignal","","","","Core","","F8FDD703-AC97-5BDF-B378-814F06A209D0","","","",""
"2026-09-27T03:27:00+03:00","128","observedRawSignal","","","","Core","","F8FDD703-AC97-5BDF-B378-814F06A209D0","","","",""
"2026-09-27T03:28:00+03:00","128","observedRawSignal","","","","Core","","F8FDD703-AC97-5BDF-B378-814F06A209D0","","","",""
"2026-09-27T03:29:00+03:00","128","observedRawSignal","","","","Core","","F8FDD703-AC97-5BDF-B378-814F06A209D0","","","",""
"2026-09-27T03:30:00+03:00","145","observedRawSignal","","","","REM","","F8FDD703-AC97-5BDF-B378-814F06A209D0","","","",""
"2026-09-27T03:31:00+03:00","138","observedRawSignal","","","","REM","","F8FDD703-AC97-5BDF-B378-814F06A209D0","","","",""
"2026-09-27T03:32:00+03:00","128","observedRawSignal","","","","REM","","F8FDD703-AC97-5BDF-B378-814F06A209D0","","","",""
"2026-09-27T03:33:00+03:00","128","observedRawSignal","","","","REM","","F8FDD703-AC97-5BDF-B378-814F06A209D0","","","",""
"2026-09-27T03:34:00+03:00","128","observedRawSignal","","","","REM","","F8FDD703-AC97-5BDF-B378-814F06A209D0","","","",""
"2026-09-27T03:35:00+03:00","128","observedRawSignal","","10.0","","REM","","F8FDD703-AC97-5BDF-B378-814F06A209D0","66.0","10.0","","760137b28f39f41d0d6c15bbf9a1d9e8f7afe398e2b2daf3a0f5e1c9237cabb2;173ddd42bc5fa0fdb48af0c9dc033685323e95622a539baa8e343611e135e4d2"
"2026-09-27T03:36:00+03:00","128","observedRawSignal","","","","REM","","F8FDD703-AC97-5BDF-B378-814F06A209D0","","","",""
"2026-09-27T03:37:00+03:00","134","observedRawSignal","","","","Core","","F8FDD703-AC97-5BDF-B378-814F06A209D0","","","",""
"2026-09-27T03:38:00+03:00","129","observedRawSignal","","","","Core","","F8FDD703-AC97-5BDF-B378-814F06A209D0","","","",""
"2026-09-27T03:39:00+03:00","128","observedRawSignal","","","","Core","","F8FDD703-AC97-5BDF-B378-814F06A209D0","","","",""
"2026-09-27T03:40:00+03:00","128","observedRawSignal","","","","Core","","F8FDD703-AC97-5BDF-B378-814F06A209D0","","","",""
"2026-09-27T03:41:00+03:00","134","observedRawSignal","","","","Core","","F8FDD703-AC97-5BDF-B378-814F06A209D0","","","",""
"2026-09-27T03:42:00+03:00","132","observedRawSignal","","","","REM","","F8FDD703-AC97-5BDF-B378-814F06A209D0","","","",""
"2026-09-27T03:43:00+03:00","128","observedRawSignal","","","","REM","","F8FDD703-AC97-5BDF-B378-814F06A209D0","","","",""
"2026-09-27T03:44:00+03:00","128","observedRawSignal","","","","REM","","F8FDD703-AC97-5BDF-B378-814F06A209D0","","","",""
"2026-09-27T03:45:00+03:00","128","observedRawSignal","","","","REM","","F8FDD703-AC97-5BDF-B378-814F06A209D0","","","",""
"2026-09-27T03:46:00+03:00","128","observedRawSignal","","","","REM","","F8FDD703-AC97-5BDF-B378-814F06A209D0","","","",""
"2026-09-27T03:47:00+03:00","128","observedRawSignal","","","","REM","","F8FDD703-AC97-5BDF-B378-814F06A209D0","","","",""
"2026-09-27T03:48:00+03:00","144","observedRawSignal","","","","REM","","F8FDD703-AC97-5BDF-B378-814F06A209D0","","","",""
"2026-09-27T03:49:00+03:00","130","observedRawSignal","","","","REM","","F8FDD703-AC97-5BDF-B378-814F06A209D0","","","",""
"2026-09-27T03:50:00+03:00","128","observedRawSignal","","","","REM","","F8FDD703-AC97-5BDF-B378-814F06A209D0","","","",""
"2026-09-27T03:51:00+03:00","128","observedRawSignal","","","","REM","","F8FDD703-AC97-5BDF-B378-814F06A209D0","","","",""
"2026-09-27T03:52:00+03:00","128","observedRawSignal","","","","REM","","F8FDD703-AC97-5BDF-B378-814F06A209D0","","","",""
"2026-09-27T03:53:00+03:00","128","observedRawSignal","","","","Core","","F8FDD703-AC97-5BDF-B378-814F06A209D0","","","",""
"2026-09-27T03:54:00+03:00","128","observedRawSignal","","","","Core","","F8FDD703-AC97-5BDF-B378-814F06A209D0","","","",""
"2026-09-27T03:55:00+03:00","128","observedRawSignal","","","","Core","","F8FDD703-AC97-5BDF-B378-814F06A209D0","","","",""
"2026-09-27T03:56:00+03:00","130","observedRawSignal","","","","Core","","F8FDD703-AC97-5BDF-B378-814F06A209D0","","","",""
"2026-09-27T03:57:00+03:00","134","observedRawSignal","","","","Core","","F8FDD703-AC97-5BDF-B378-814F06A209D0","","","",""
"2026-09-27T03:58:00+03:00","128","observedRawSignal","","","","REM","","F8FDD703-AC97-5BDF-B378-814F06A209D0","","","",""
"2026-09-27T03:59:00+03:00","128","observedRawSignal","","","","REM","","F8FDD703-AC97-5BDF-B378-814F06A209D0","","","",""
"2026-09-27T04:00:00+03:00","128","observedRawSignal","","","","REM","","F8FDD703-AC97-5BDF-B378-814F06A209D0","","","",""
"2026-09-27T04:01:00+03:00","128","observedRawSignal","","","","REM","","F8FDD703-AC97-5BDF-B378-814F06A209D0","","","",""
"2026-09-27T04:02:00+03:00","142","observedRawSignal","","","","REM","","F8FDD703-AC97-5BDF-B378-814F06A209D0","","","",""
"2026-09-27T04:03:00+03:00","128","observedRawSignal","","","","REM","","F8FDD703-AC97-5BDF-B378-814F06A209D0","","","",""
"2026-09-27T04:04:00+03:00","128","observedRawSignal","","","","REM","","F8FDD703-AC97-5BDF-B378-814F06A209D0","","","",""
"2026-09-27T04:05:00+03:00","128","observedRawSignal","","10.0","","REM","","F8FDD703-AC97-5BDF-B378-814F06A209D0","71.0","10.0","","da0a542ef01b52443422c405470ce64229ffe177fb2addeb52bd1a31ea3f3ae5;ef7f11233545d6313d861cb5e00088feb1acfa711a1775b6d64746054f0994c8"
"2026-09-27T04:06:00+03:00","128","observedRawSignal","","","","REM","","F8FDD703-AC97-5BDF-B378-814F06A209D0","","","",""
"2026-09-27T04:07:00+03:00","128","observedRawSignal","","","","REM","","F8FDD703-AC97-5BDF-B378-814F06A209D0","","","",""
"2026-09-27T04:08:00+03:00","128","observedRawSignal","","","","REM","","F8FDD703-AC97-5BDF-B378-814F06A209D0","","","",""
"2026-09-27T04:09:00+03:00","128","observedRawSignal","","","","Core","","F8FDD703-AC97-5BDF-B378-814F06A209D0","","","",""
"2026-09-27T04:10:00+03:00","139","observedRawSignal","","","","Core","","F8FDD703-AC97-5BDF-B378-814F06A209D0","","","",""
"2026-09-27T04:11:00+03:00","128","observedRawSignal","","","","Core","","F8FDD703-AC97-5BDF-B378-814F06A209D0","","","",""
"2026-09-27T04:12:00+03:00","128","observedRawSignal","","","","Core","","F8FDD703-AC97-5BDF-B378-814F06A209D0","","","",""
"2026-09-27T04:13:00+03:00","128","observedRawSignal","","","","Core","","F8FDD703-AC97-5BDF-B378-814F06A209D0","","","",""
"2026-09-27T04:14:00+03:00","128","observedRawSignal","","","","REM","","F8FDD703-AC97-5BDF-B378-814F06A209D0","","","",""
"2026-09-27T04:15:00+03:00","128","observedRawSignal","","","","REM","","F8FDD703-AC97-5BDF-B378-814F06A209D0","","","",""
"2026-09-27T04:16:00+03:00","128","observedRawSignal","","","","REM","","F8FDD703-AC97-5BDF-B378-814F06A209D0","","","",""
"2026-09-27T04:17:00+03:00","139","observedRawSignal","","","","REM","","F8FDD703-AC97-5BDF-B378-814F06A209D0","","","",""
"2026-09-27T04:18:00+03:00","128","observedRawSignal","","","","REM","","F8FDD703-AC97-5BDF-B378-814F06A209D0","","","",""
"2026-09-27T04:19:00+03:00","137","observedRawSignal","","","","REM","","F8FDD703-AC97-5BDF-B378-814F06A209D0","","","",""
"2026-09-27T04:20:00+03:00","128","observedRawSignal","","","","REM","","F8FDD703-AC97-5BDF-B378-814F06A209D0","","","",""
"2026-09-27T04:21:00+03:00","128","observedRawSignal","","","","REM","","F8FDD703-AC97-5BDF-B378-814F06A209D0","","","",""
"2026-09-27T04:22:00+03:00","140","observedRawSignal","","","","REM","","F8FDD703-AC97-5BDF-B378-814F06A209D0","","","",""
"2026-09-27T04:23:00+03:00","135","observedRawSignal","","","","REM","","F8FDD703-AC97-5BDF-B378-814F06A209D0","","","",""
"2026-09-27T04:24:00+03:00","143","observedRawSignal","","","","REM","","F8FDD703-AC97-5BDF-B378-814F06A209D0","","","",""
"2026-09-27T04:25:00+03:00","128","observedRawSignal","","","","REM","","F8FDD703-AC97-5BDF-B378-814F06A209D0","","","",""
"2026-09-27T04:26:00+03:00","128","observedRawSignal","","","","REM","","F8FDD703-AC97-5BDF-B378-814F06A209D0","","","",""
"2026-09-27T04:27:00+03:00","128","observedRawSignal","","","","REM","","F8FDD703-AC97-5BDF-B378-814F06A209D0","","","",""
"2026-09-27T04:28:00+03:00","128","observedRawSignal","","","","REM","","F8FDD703-AC97-5BDF-B378-814F06A209D0","","","",""
"2026-09-27T04:29:00+03:00","128","observedRawSignal","","","","REM","","F8FDD703-AC97-5BDF-B378-814F06A209D0","","","",""
"2026-09-27T04:30:00+03:00","0","zeroUninterpreted","","","","Awake","","F8FDD703-AC97-5BDF-B378-814F06A209D0","","","",""
"2026-09-27T04:31:00+03:00","0","zeroUninterpreted","","","","Awake","","F8FDD703-AC97-5BDF-B378-814F06A209D0","","","",""
"2026-09-27T04:32:00+03:00","0","zeroUninterpreted","","","","Awake","","F8FDD703-AC97-5BDF-B378-814F06A209D0","","","",""
"2026-09-27T04:33:00+03:00","0","zeroUninterpreted","","","","Awake","","F8FDD703-AC97-5BDF-B378-814F06A209D0","","","",""
"2026-09-27T04:34:00+03:00","0","zeroUninterpreted","","","","Awake","","F8FDD703-AC97-5BDF-B378-814F06A209D0","","","",""
"2026-09-27T04:35:00+03:00","0","zeroUninterpreted","","13.0","","Awake","","F8FDD703-AC97-5BDF-B378-814F06A209D0","66.0","13.0","","7370bfa96d6f96f668fabcfc3b16b6ffc5b698b23670b71338ba2d75fbe0ca2b;0bb4740b524c21f906fa6b0d0dd947791a702d289bb155bc56579d12d8b5fe3b"
"2026-09-27T04:36:00+03:00","0","zeroUninterpreted","","","","Awake","","F8FDD703-AC97-5BDF-B378-814F06A209D0","","","",""
"2026-09-27T04:37:00+03:00","0","zeroUninterpreted","","","","Awake","","F8FDD703-AC97-5BDF-B378-814F06A209D0","","","",""
"2026-09-27T04:38:00+03:00","0","zeroUninterpreted","","","","Awake","","F8FDD703-AC97-5BDF-B378-814F06A209D0","","","",""
"2026-09-27T04:39:00+03:00","0","zeroUninterpreted","","","","Awake","","F8FDD703-AC97-5BDF-B378-814F06A209D0","","","",""
"2026-09-27T04:40:00+03:00","139","observedRawSignal","","","","Awake","","F8FDD703-AC97-5BDF-B378-814F06A209D0","","","",""
"2026-09-27T04:41:00+03:00","132","observedRawSignal","","","","Awake","","F8FDD703-AC97-5BDF-B378-814F06A209D0","","","",""
"2026-09-27T04:42:00+03:00","128","observedRawSignal","","","","Awake","","F8FDD703-AC97-5BDF-B378-814F06A209D0","","","",""
"2026-09-27T04:43:00+03:00","132","observedRawSignal","","","","Awake","","F8FDD703-AC97-5BDF-B378-814F06A209D0","","","",""
"2026-09-27T04:44:00+03:00","134","observedRawSignal","","","","Awake","","F8FDD703-AC97-5BDF-B378-814F06A209D0","","","",""
"2026-09-27T04:45:00+03:00","128","observedRawSignal","","","","Awake","","F8FDD703-AC97-5BDF-B378-814F06A209D0","","","",""
"2026-09-27T04:46:00+03:00","128","observedRawSignal","","","","Awake","","F8FDD703-AC97-5BDF-B378-814F06A209D0","","","",""
"2026-09-27T04:47:00+03:00","139","observedRawSignal","","","","Awake","","F8FDD703-AC97-5BDF-B378-814F06A209D0","","","",""
"2026-09-27T04:48:00+03:00","128","observedRawSignal","","","","Awake","","F8FDD703-AC97-5BDF-B378-814F06A209D0","","","",""
"2026-09-27T04:49:00+03:00","128","observedRawSignal","","","","Core","","F8FDD703-AC97-5BDF-B378-814F06A209D0","","","",""
"2026-09-27T04:50:00+03:00","128","observedRawSignal","","","","Core","","F8FDD703-AC97-5BDF-B378-814F06A209D0","","","",""
"2026-09-27T04:51:00+03:00","128","observedRawSignal","","","","Core","","F8FDD703-AC97-5BDF-B378-814F06A209D0","","","",""
"2026-09-27T04:52:00+03:00","128","observedRawSignal","","","","Core","","F8FDD703-AC97-5BDF-B378-814F06A209D0","","","",""
"2026-09-27T04:53:00+03:00","128","observedRawSignal","","","","Core","","F8FDD703-AC97-5BDF-B378-814F06A209D0","","","",""
"2026-09-27T04:54:00+03:00","128","observedRawSignal","","","","REM","","F8FDD703-AC97-5BDF-B378-814F06A209D0","","","",""
"2026-09-27T04:55:00+03:00","128","observedRawSignal","","","","REM","","F8FDD703-AC97-5BDF-B378-814F06A209D0","","","",""
"2026-09-27T04:56:00+03:00","128","observedRawSignal","","","","Core","","F8FDD703-AC97-5BDF-B378-814F06A209D0","","","",""
"2026-09-27T04:57:00+03:00","128","observedRawSignal","","","","Core","","F8FDD703-AC97-5BDF-B378-814F06A209D0","","","",""
"2026-09-27T04:58:00+03:00","128","observedRawSignal","","","","Core","","F8FDD703-AC97-5BDF-B378-814F06A209D0","","","",""
"2026-09-27T04:59:00+03:00","133","observedRawSignal","","","","Core","","F8FDD703-AC97-5BDF-B378-814F06A209D0","","","",""
"2026-09-27T05:00:00+03:00","128","observedRawSignal","","","","Core","","F8FDD703-AC97-5BDF-B378-814F06A209D0","","","",""
"2026-09-27T05:01:00+03:00","128","observedRawSignal","","","","Core","","F8FDD703-AC97-5BDF-B378-814F06A209D0","","","",""
"2026-09-27T05:02:00+03:00","128","observedRawSignal","","","","Core","","F8FDD703-AC97-5BDF-B378-814F06A209D0","","","",""
"2026-09-27T05:03:00+03:00","128","observedRawSignal","","","","Core","","F8FDD703-AC97-5BDF-B378-814F06A209D0","","","",""
"2026-09-27T05:04:00+03:00","128","observedRawSignal","","","","Core","","F8FDD703-AC97-5BDF-B378-814F06A209D0","","","",""
"2026-09-27T05:05:00+03:00","128","observedRawSignal","","11.0","","Core","","F8FDD703-AC97-5BDF-B378-814F06A209D0","74.0","11.0","","a4336addd73d057e5e48e08a4a55d905dcd91d9377461b494fe0ae0a5c543ecc;5699f16f161535a387c860a281508c5e1b59ace1d7712aead6fc30bbff745012"
"2026-09-27T05:06:00+03:00","136","observedRawSignal","","","","Core","","F8FDD703-AC97-5BDF-B378-814F06A209D0","","","",""
"2026-09-27T05:07:00+03:00","128","observedRawSignal","","","","Core","","F8FDD703-AC97-5BDF-B378-814F06A209D0","","","",""
"2026-09-27T05:08:00+03:00","128","observedRawSignal","","","","Core","","F8FDD703-AC97-5BDF-B378-814F06A209D0","","","",""
"2026-09-27T05:09:00+03:00","128","observedRawSignal","","","","Core","","F8FDD703-AC97-5BDF-B378-814F06A209D0","","","",""
"2026-09-27T05:10:00+03:00","128","observedRawSignal","","","","Core","","F8FDD703-AC97-5BDF-B378-814F06A209D0","","","",""
"2026-09-27T05:11:00+03:00","128","observedRawSignal","","","","Core","","F8FDD703-AC97-5BDF-B378-814F06A209D0","","","",""
"2026-09-27T05:12:00+03:00","132","observedRawSignal","","","","Core","","F8FDD703-AC97-5BDF-B378-814F06A209D0","","","",""
"2026-09-27T05:13:00+03:00","128","observedRawSignal","","","","Core","","F8FDD703-AC97-5BDF-B378-814F06A209D0","","","",""
"2026-09-27T05:14:00+03:00","128","observedRawSignal","","","","Core","","F8FDD703-AC97-5BDF-B378-814F06A209D0","","","",""
"2026-09-27T05:15:00+03:00","128","observedRawSignal","","","","Core","","F8FDD703-AC97-5BDF-B378-814F06A209D0","","","",""
"2026-09-27T05:16:00+03:00","128","observedRawSignal","","","","Core","","F8FDD703-AC97-5BDF-B378-814F06A209D0","","","",""
"2026-09-27T05:17:00+03:00","128","observedRawSignal","","","","Core","","F8FDD703-AC97-5BDF-B378-814F06A209D0","","","",""
"2026-09-27T05:18:00+03:00","128","observedRawSignal","","","","Core","","F8FDD703-AC97-5BDF-B378-814F06A209D0","","","",""
"2026-09-27T05:19:00+03:00","128","observedRawSignal","","","","Core","","F8FDD703-AC97-5BDF-B378-814F06A209D0","","","",""
"2026-09-27T05:20:00+03:00","147","observedRawSignal","","","","Core","","F8FDD703-AC97-5BDF-B378-814F06A209D0","","","",""
"2026-09-27T05:21:00+03:00","128","observedRawSignal","","","","Core","","F8FDD703-AC97-5BDF-B378-814F06A209D0","","","",""
"2026-09-27T05:22:00+03:00","128","observedRawSignal","","","","Core","","F8FDD703-AC97-5BDF-B378-814F06A209D0","","","",""
"2026-09-27T05:23:00+03:00","128","observedRawSignal","","","","Core","","F8FDD703-AC97-5BDF-B378-814F06A209D0","","","",""
"2026-09-27T05:24:00+03:00","145","observedRawSignal","","","","Core","","F8FDD703-AC97-5BDF-B378-814F06A209D0","","","",""
"2026-09-27T05:25:00+03:00","132","observedRawSignal","","","","Core","","F8FDD703-AC97-5BDF-B378-814F06A209D0","","","",""
"2026-09-27T05:26:00+03:00","128","observedRawSignal","","","","Core","","F8FDD703-AC97-5BDF-B378-814F06A209D0","","","",""
"2026-09-27T05:27:00+03:00","128","observedRawSignal","","","","Core","","F8FDD703-AC97-5BDF-B378-814F06A209D0","","","",""
"2026-09-27T05:28:00+03:00","128","observedRawSignal","","","","Core","","F8FDD703-AC97-5BDF-B378-814F06A209D0","","","",""
"2026-09-27T05:29:00+03:00","128","observedRawSignal","","","","Core","","F8FDD703-AC97-5BDF-B378-814F06A209D0","","","",""
"2026-09-27T05:30:00+03:00","137","observedRawSignal","","","","Core","","F8FDD703-AC97-5BDF-B378-814F06A209D0","","","",""
"2026-09-27T05:31:00+03:00","130","observedRawSignal","","","","Core","","F8FDD703-AC97-5BDF-B378-814F06A209D0","","","",""
"2026-09-27T05:32:00+03:00","128","observedRawSignal","","","","Core","","F8FDD703-AC97-5BDF-B378-814F06A209D0","","","",""
"2026-09-27T05:33:00+03:00","128","observedRawSignal","","","","Core","","F8FDD703-AC97-5BDF-B378-814F06A209D0","","","",""
"2026-09-27T05:34:00+03:00","128","observedRawSignal","","","","Core","","F8FDD703-AC97-5BDF-B378-814F06A209D0","","","",""
"2026-09-27T05:35:00+03:00","144","observedRawSignal","","10.0","","Core","","F8FDD703-AC97-5BDF-B378-814F06A209D0","77.0","10.0","","68c70575e06a08a9e69a0c69a3bc8e7d16c4a977aca721f250f98286603ad28d;0c7b4283398217923cb2b83daa6982f60c36af17933a55f4269e57a721464f79"
"2026-09-27T05:36:00+03:00","128","observedRawSignal","","","","REM","","F8FDD703-AC97-5BDF-B378-814F06A209D0","","","",""
"2026-09-27T05:37:00+03:00","128","observedRawSignal","","","","REM","","F8FDD703-AC97-5BDF-B378-814F06A209D0","","","",""
"2026-09-27T05:38:00+03:00","128","observedRawSignal","","","","REM","","F8FDD703-AC97-5BDF-B378-814F06A209D0","","","",""
"2026-09-27T05:39:00+03:00","132","observedRawSignal","","","","REM","","F8FDD703-AC97-5BDF-B378-814F06A209D0","","","",""
"2026-09-27T05:40:00+03:00","141","observedRawSignal","","","","REM","","F8FDD703-AC97-5BDF-B378-814F06A209D0","","","",""
"2026-09-27T05:41:00+03:00","130","observedRawSignal","","","","REM","","F8FDD703-AC97-5BDF-B378-814F06A209D0","","","",""
"2026-09-27T05:42:00+03:00","128","observedRawSignal","","","","REM","","F8FDD703-AC97-5BDF-B378-814F06A209D0","","","",""
"2026-09-27T05:43:00+03:00","128","observedRawSignal","","","","REM","","F8FDD703-AC97-5BDF-B378-814F06A209D0","","","",""
"2026-09-27T05:44:00+03:00","128","observedRawSignal","","","","REM","","F8FDD703-AC97-5BDF-B378-814F06A209D0","","","",""
"2026-09-27T05:45:00+03:00","128","observedRawSignal","","","","REM","","F8FDD703-AC97-5BDF-B378-814F06A209D0","","","",""
"2026-09-27T05:46:00+03:00","128","observedRawSignal","","","","REM","","F8FDD703-AC97-5BDF-B378-814F06A209D0","","","",""
"2026-09-27T05:47:00+03:00","128","observedRawSignal","","","","Core","","F8FDD703-AC97-5BDF-B378-814F06A209D0","","","",""
"2026-09-27T05:48:00+03:00","128","observedRawSignal","","","","Core","","F8FDD703-AC97-5BDF-B378-814F06A209D0","","","",""
"2026-09-27T05:49:00+03:00","128","observedRawSignal","","","","Core","","F8FDD703-AC97-5BDF-B378-814F06A209D0","","","",""
"2026-09-27T05:50:00+03:00","129","observedRawSignal","","","","Core","","F8FDD703-AC97-5BDF-B378-814F06A209D0","","","",""
"2026-09-27T05:51:00+03:00","129","observedRawSignal","","","","Core","","F8FDD703-AC97-5BDF-B378-814F06A209D0","","","",""
"2026-09-27T05:52:00+03:00","128","observedRawSignal","","","","REM","","F8FDD703-AC97-5BDF-B378-814F06A209D0","","","",""
"2026-09-27T05:53:00+03:00","128","observedRawSignal","","","","REM","","F8FDD703-AC97-5BDF-B378-814F06A209D0","","","",""
"2026-09-27T05:54:00+03:00","128","observedRawSignal","","","","REM","","F8FDD703-AC97-5BDF-B378-814F06A209D0","","","",""
"2026-09-27T05:55:00+03:00","128","observedRawSignal","","","","REM","","F8FDD703-AC97-5BDF-B378-814F06A209D0","","","",""
"2026-09-27T05:56:00+03:00","138","observedRawSignal","","","","REM","","F8FDD703-AC97-5BDF-B378-814F06A209D0","","","",""
"2026-09-27T05:57:00+03:00","128","observedRawSignal","","","","REM","","F8FDD703-AC97-5BDF-B378-814F06A209D0","","","",""
"2026-09-27T05:58:00+03:00","128","observedRawSignal","","","","Core","","F8FDD703-AC97-5BDF-B378-814F06A209D0","","","",""
"2026-09-27T05:59:00+03:00","130","observedRawSignal","","","","Core","","F8FDD703-AC97-5BDF-B378-814F06A209D0","","","",""
"2026-09-27T06:00:00+03:00","161","observedRawSignal","","","","Core","","5F7AA24D-8872-518F-83CD-1D375020A9D9","","","",""
"2026-09-27T06:01:00+03:00","128","observedRawSignal","","","","Core","","5F7AA24D-8872-518F-83CD-1D375020A9D9","","","",""
"2026-09-27T06:02:00+03:00","128","observedRawSignal","","","","Core","","5F7AA24D-8872-518F-83CD-1D375020A9D9","","","",""
"2026-09-27T06:03:00+03:00","128","observedRawSignal","","","","Core","","5F7AA24D-8872-518F-83CD-1D375020A9D9","","","",""
"2026-09-27T06:04:00+03:00","128","observedRawSignal","","","","Core","","5F7AA24D-8872-518F-83CD-1D375020A9D9","","","",""
"2026-09-27T06:05:00+03:00","128","observedRawSignal","","","","Core","","5F7AA24D-8872-518F-83CD-1D375020A9D9","63.0","10.0","","57d7839e4d01f5783292e2295d1ec029f2a80de4427c65e157c024257d59de65;8ffb160adc562a90a85c997a514ada808f0f4ae8f0d1d12419a45a07d98f055c"
"2026-09-27T06:06:00+03:00","132","observedRawSignal","","","","Core","","5F7AA24D-8872-518F-83CD-1D375020A9D9","","","",""
"2026-09-27T06:07:00+03:00","128","observedRawSignal","","","","Core","","5F7AA24D-8872-518F-83CD-1D375020A9D9","","","",""
"2026-09-27T06:08:00+03:00","128","observedRawSignal","","","","Core","","5F7AA24D-8872-518F-83CD-1D375020A9D9","","","",""
"2026-09-27T06:09:00+03:00","128","observedRawSignal","","","","Core","","5F7AA24D-8872-518F-83CD-1D375020A9D9","","","",""
"2026-09-27T06:10:00+03:00","128","observedRawSignal","","","","Core","","5F7AA24D-8872-518F-83CD-1D375020A9D9","","","",""
"2026-09-27T06:11:00+03:00","128","observedRawSignal","","","","Core","","5F7AA24D-8872-518F-83CD-1D375020A9D9","","","",""
"2026-09-27T06:12:00+03:00","128","observedRawSignal","","","","REM","","5F7AA24D-8872-518F-83CD-1D375020A9D9","","","",""
"2026-09-27T06:13:00+03:00","128","observedRawSignal","","","","REM","","5F7AA24D-8872-518F-83CD-1D375020A9D9","","","",""
"2026-09-27T06:14:00+03:00","128","observedRawSignal","","","","REM","","5F7AA24D-8872-518F-83CD-1D375020A9D9","","","",""
"2026-09-27T06:15:00+03:00","128","observedRawSignal","","","","REM","","5F7AA24D-8872-518F-83CD-1D375020A9D9","","","",""
"2026-09-27T06:16:00+03:00","128","observedRawSignal","","","","REM","","5F7AA24D-8872-518F-83CD-1D375020A9D9","","","",""
"2026-09-27T06:17:00+03:00","128","observedRawSignal","","","","REM","","5F7AA24D-8872-518F-83CD-1D375020A9D9","","","",""
"2026-09-27T06:18:00+03:00","128","observedRawSignal","","","","REM","","5F7AA24D-8872-518F-83CD-1D375020A9D9","","","",""
"2026-09-27T06:19:00+03:00","128","observedRawSignal","","","","REM","","5F7AA24D-8872-518F-83CD-1D375020A9D9","","","",""
"2026-09-27T06:20:00+03:00","128","observedRawSignal","","","","REM","","5F7AA24D-8872-518F-83CD-1D375020A9D9","","","",""
"2026-09-27T06:21:00+03:00","128","observedRawSignal","","","","REM","","5F7AA24D-8872-518F-83CD-1D375020A9D9","","","",""
"2026-09-27T06:22:00+03:00","140","observedRawSignal","","","","REM","","5F7AA24D-8872-518F-83CD-1D375020A9D9","","","",""
"2026-09-27T06:23:00+03:00","128","observedRawSignal","","","","REM","","5F7AA24D-8872-518F-83CD-1D375020A9D9","","","",""
"2026-09-27T06:24:00+03:00","128","observedRawSignal","","","","REM","","5F7AA24D-8872-518F-83CD-1D375020A9D9","","","",""
"2026-09-27T06:25:00+03:00","136","observedRawSignal","","","","REM","","5F7AA24D-8872-518F-83CD-1D375020A9D9","","","",""
"2026-09-27T06:26:00+03:00","128","observedRawSignal","","","","REM","","5F7AA24D-8872-518F-83CD-1D375020A9D9","","","",""
"2026-09-27T06:27:00+03:00","128","observedRawSignal","","","","REM","","5F7AA24D-8872-518F-83CD-1D375020A9D9","","","",""
"2026-09-27T06:28:00+03:00","128","observedRawSignal","","","","REM","","5F7AA24D-8872-518F-83CD-1D375020A9D9","","","",""
"2026-09-27T06:29:00+03:00","128","observedRawSignal","","","","REM","","5F7AA24D-8872-518F-83CD-1D375020A9D9","","","",""
"2026-09-27T06:30:00+03:00","128","observedRawSignal","","","","REM","","5F7AA24D-8872-518F-83CD-1D375020A9D9","","","",""
"2026-09-27T06:31:00+03:00","139","observedRawSignal","","","","Core","","5F7AA24D-8872-518F-83CD-1D375020A9D9","","","",""
"2026-09-27T06:32:00+03:00","132","observedRawSignal","","","","Core","","5F7AA24D-8872-518F-83CD-1D375020A9D9","","","",""
"2026-09-27T06:33:00+03:00","128","observedRawSignal","","","","Core","","5F7AA24D-8872-518F-83CD-1D375020A9D9","","","",""
"2026-09-27T06:34:00+03:00","130","observedRawSignal","","","","Core","","5F7AA24D-8872-518F-83CD-1D375020A9D9","","","",""
"2026-09-27T06:35:00+03:00","137","observedRawSignal","","","","Core","","5F7AA24D-8872-518F-83CD-1D375020A9D9","67.0","13.0","","859987063124e67ad476ec19476e2c48bed6fd362889fcc5c72cfc5ccdb42f05;26abff890cbbe0fd070465d0ecaaad6c52083ae28c3cdf571991d5e638ab8c8e"
"2026-09-27T06:36:00+03:00","130","observedRawSignal","","","","Core","","5F7AA24D-8872-518F-83CD-1D375020A9D9","","","",""
"2026-09-27T06:37:00+03:00","128","observedRawSignal","","","","Core","","5F7AA24D-8872-518F-83CD-1D375020A9D9","","","",""
"2026-09-27T06:38:00+03:00","128","observedRawSignal","","","","Core","","5F7AA24D-8872-518F-83CD-1D375020A9D9","","","",""
"2026-09-27T06:39:00+03:00","128","observedRawSignal","","","","Core","","5F7AA24D-8872-518F-83CD-1D375020A9D9","","","",""
"2026-09-27T06:40:00+03:00","134","observedRawSignal","","","","Core","","5F7AA24D-8872-518F-83CD-1D375020A9D9","","","",""
"2026-09-27T06:41:00+03:00","128","observedRawSignal","","","","Core","","5F7AA24D-8872-518F-83CD-1D375020A9D9","","","",""
"2026-09-27T06:42:00+03:00","128","observedRawSignal","","","","REM","","5F7AA24D-8872-518F-83CD-1D375020A9D9","","","",""
"2026-09-27T06:43:00+03:00","134","observedRawSignal","","","","REM","","5F7AA24D-8872-518F-83CD-1D375020A9D9","","","",""
"2026-09-27T06:44:00+03:00","128","observedRawSignal","","","","REM","","5F7AA24D-8872-518F-83CD-1D375020A9D9","","","",""
"2026-09-27T06:45:00+03:00","128","observedRawSignal","","","","REM","","5F7AA24D-8872-518F-83CD-1D375020A9D9","","","",""
"2026-09-27T06:46:00+03:00","128","observedRawSignal","","","","REM","","5F7AA24D-8872-518F-83CD-1D375020A9D9","","","",""
"2026-09-27T06:47:00+03:00","128","observedRawSignal","","","","REM","","5F7AA24D-8872-518F-83CD-1D375020A9D9","","","",""
"2026-09-27T06:48:00+03:00","128","observedRawSignal","","","","REM","","5F7AA24D-8872-518F-83CD-1D375020A9D9","","","",""
"2026-09-27T06:49:00+03:00","128","observedRawSignal","","","","REM","","5F7AA24D-8872-518F-83CD-1D375020A9D9","","","",""
"2026-09-27T06:50:00+03:00","128","observedRawSignal","","","","REM","","5F7AA24D-8872-518F-83CD-1D375020A9D9","","","",""
"2026-09-27T06:51:00+03:00","128","observedRawSignal","","","","REM","","5F7AA24D-8872-518F-83CD-1D375020A9D9","","","",""
"2026-09-27T06:52:00+03:00","128","observedRawSignal","","","","REM","","5F7AA24D-8872-518F-83CD-1D375020A9D9","","","",""
"2026-09-27T06:53:00+03:00","128","observedRawSignal","","","","REM","","5F7AA24D-8872-518F-83CD-1D375020A9D9","","","",""
"2026-09-27T06:54:00+03:00","128","observedRawSignal","","","","REM","","5F7AA24D-8872-518F-83CD-1D375020A9D9","","","",""
"2026-09-27T06:55:00+03:00","128","observedRawSignal","","","","Deep","","5F7AA24D-8872-518F-83CD-1D375020A9D9","","","",""
"2026-09-27T06:56:00+03:00","143","observedRawSignal","","","","Deep","","5F7AA24D-8872-518F-83CD-1D375020A9D9","","","",""
"2026-09-27T06:57:00+03:00","128","observedRawSignal","","","","Deep","","5F7AA24D-8872-518F-83CD-1D375020A9D9","","","",""
"2026-09-27T06:58:00+03:00","128","observedRawSignal","","","","Core","","5F7AA24D-8872-518F-83CD-1D375020A9D9","","","",""
"2026-09-27T06:59:00+03:00","131","observedRawSignal","","","","Core","","5F7AA24D-8872-518F-83CD-1D375020A9D9","","","",""
"2026-09-27T07:00:00+03:00","128","observedRawSignal","","","","Core","","5F7AA24D-8872-518F-83CD-1D375020A9D9","","","",""
"2026-09-27T07:01:00+03:00","128","observedRawSignal","","","","Core","","5F7AA24D-8872-518F-83CD-1D375020A9D9","","","",""
"2026-09-27T07:02:00+03:00","128","observedRawSignal","","","","Core","","5F7AA24D-8872-518F-83CD-1D375020A9D9","","","",""
"2026-09-27T07:03:00+03:00","128","observedRawSignal","","","","Core","","5F7AA24D-8872-518F-83CD-1D375020A9D9","","","",""
"2026-09-27T07:04:00+03:00","128","observedRawSignal","","","","Core","","5F7AA24D-8872-518F-83CD-1D375020A9D9","","","",""
"2026-09-27T07:05:00+03:00","128","observedRawSignal","","","","Core","","5F7AA24D-8872-518F-83CD-1D375020A9D9","69.0","10.0","","c90ac1c24d3a499cca0591184b3c37ecd4cafa1db6766cd02e237f4c5bb32d78;fc1be627285c170dd251aaa6215c3947a0e586c891682b5c1fd1d8eb2fbe267b"
"2026-09-27T07:06:00+03:00","128","observedRawSignal","","","","Core","","5F7AA24D-8872-518F-83CD-1D375020A9D9","","","",""
"2026-09-27T07:07:00+03:00","128","observedRawSignal","","","","Core","","5F7AA24D-8872-518F-83CD-1D375020A9D9","","","",""
"2026-09-27T07:08:00+03:00","128","observedRawSignal","","","","REM","","5F7AA24D-8872-518F-83CD-1D375020A9D9","","","",""
"2026-09-27T07:09:00+03:00","128","observedRawSignal","","","","REM","","5F7AA24D-8872-518F-83CD-1D375020A9D9","","","",""
"2026-09-27T07:10:00+03:00","128","observedRawSignal","","","","REM","","5F7AA24D-8872-518F-83CD-1D375020A9D9","","","",""
"2026-09-27T07:11:00+03:00","128","observedRawSignal","","","","REM","","5F7AA24D-8872-518F-83CD-1D375020A9D9","","","",""
"2026-09-27T07:12:00+03:00","128","observedRawSignal","","","","REM","","5F7AA24D-8872-518F-83CD-1D375020A9D9","","","",""
"2026-09-27T07:13:00+03:00","128","observedRawSignal","","","","REM","","5F7AA24D-8872-518F-83CD-1D375020A9D9","","","",""
"2026-09-27T07:14:00+03:00","128","observedRawSignal","","","","REM","","5F7AA24D-8872-518F-83CD-1D375020A9D9","","","",""
"2026-09-27T07:15:00+03:00","128","observedRawSignal","","","","REM","","5F7AA24D-8872-518F-83CD-1D375020A9D9","","","",""
"2026-09-27T07:16:00+03:00","128","observedRawSignal","","","","REM","","5F7AA24D-8872-518F-83CD-1D375020A9D9","","","",""
"2026-09-27T07:17:00+03:00","128","observedRawSignal","","","","REM","","5F7AA24D-8872-518F-83CD-1D375020A9D9","","","",""
"2026-09-27T07:18:00+03:00","128","observedRawSignal","","","","REM","","5F7AA24D-8872-518F-83CD-1D375020A9D9","","","",""
"2026-09-27T07:19:00+03:00","128","observedRawSignal","","","","REM","","5F7AA24D-8872-518F-83CD-1D375020A9D9","","","",""
"2026-09-27T07:20:00+03:00","128","observedRawSignal","","","","REM","","5F7AA24D-8872-518F-83CD-1D375020A9D9","","","",""
"2026-09-27T07:21:00+03:00","128","observedRawSignal","","","","Core","","5F7AA24D-8872-518F-83CD-1D375020A9D9","","","",""
"2026-09-27T07:22:00+03:00","128","observedRawSignal","","","","Core","","5F7AA24D-8872-518F-83CD-1D375020A9D9","","","",""
"2026-09-27T07:23:00+03:00","128","observedRawSignal","","","","Core","","5F7AA24D-8872-518F-83CD-1D375020A9D9","","","",""
"2026-09-27T07:24:00+03:00","128","observedRawSignal","","","","Core","","5F7AA24D-8872-518F-83CD-1D375020A9D9","","","",""
"2026-09-27T07:25:00+03:00","128","observedRawSignal","","","","Core","","5F7AA24D-8872-518F-83CD-1D375020A9D9","","","",""
"2026-09-27T07:26:00+03:00","128","observedRawSignal","","","","Core","","5F7AA24D-8872-518F-83CD-1D375020A9D9","","","",""
"2026-09-27T07:27:00+03:00","128","observedRawSignal","","","","Core","","5F7AA24D-8872-518F-83CD-1D375020A9D9","","","",""
"2026-09-27T07:28:00+03:00","128","observedRawSignal","","","","Core","","5F7AA24D-8872-518F-83CD-1D375020A9D9","","","",""
"2026-09-27T07:29:00+03:00","132","observedRawSignal","","","","Core","","5F7AA24D-8872-518F-83CD-1D375020A9D9","","","",""
"2026-09-27T07:30:00+03:00","146","observedRawSignal","","","","Core","","5F7AA24D-8872-518F-83CD-1D375020A9D9","","","",""
"2026-09-27T07:31:00+03:00","128","observedRawSignal","","","","Core","","5F7AA24D-8872-518F-83CD-1D375020A9D9","","","",""
"2026-09-27T07:32:00+03:00","128","observedRawSignal","","","","Core","","5F7AA24D-8872-518F-83CD-1D375020A9D9","","","",""
"2026-09-27T07:33:00+03:00","128","observedRawSignal","","","","Core","","5F7AA24D-8872-518F-83CD-1D375020A9D9","","","",""
"2026-09-27T07:34:00+03:00","133","observedRawSignal","","","","Core","","5F7AA24D-8872-518F-83CD-1D375020A9D9","","","",""
"2026-09-27T07:35:00+03:00","128","observedRawSignal","","","","Core","","5F7AA24D-8872-518F-83CD-1D375020A9D9","60.0","11.0","","b3e67c6935a3b2776d4534a9b0a7e3fa47aab30c101c4eb10a7c5f0375911244;61c6fdb94683204b77d64ba35420f9c686679b79853a0023f8446c4c74520d23"
"2026-09-27T07:36:00+03:00","128","observedRawSignal","","","","Core","","5F7AA24D-8872-518F-83CD-1D375020A9D9","","","",""
"2026-09-27T07:37:00+03:00","128","observedRawSignal","","","","Core","","5F7AA24D-8872-518F-83CD-1D375020A9D9","","","",""
"2026-09-27T07:38:00+03:00","128","observedRawSignal","","","","Core","","5F7AA24D-8872-518F-83CD-1D375020A9D9","","","",""
"2026-09-27T07:39:00+03:00","128","observedRawSignal","","","","Core","","5F7AA24D-8872-518F-83CD-1D375020A9D9","","","",""
"2026-09-27T07:40:00+03:00","128","observedRawSignal","","","","Core","","5F7AA24D-8872-518F-83CD-1D375020A9D9","","","",""
"2026-09-27T07:41:00+03:00","128","observedRawSignal","","","","Core","","5F7AA24D-8872-518F-83CD-1D375020A9D9","","","",""
"2026-09-27T07:42:00+03:00","128","observedRawSignal","","","","REM","","5F7AA24D-8872-518F-83CD-1D375020A9D9","","","",""
"2026-09-27T07:43:00+03:00","137","observedRawSignal","","","","REM","","5F7AA24D-8872-518F-83CD-1D375020A9D9","","","",""
"2026-09-27T07:44:00+03:00","133","observedRawSignal","","","","REM","","5F7AA24D-8872-518F-83CD-1D375020A9D9","","","",""
"2026-09-27T07:45:00+03:00","128","observedRawSignal","","","","REM","","5F7AA24D-8872-518F-83CD-1D375020A9D9","","","",""
"2026-09-27T07:46:00+03:00","128","observedRawSignal","","","","REM","","5F7AA24D-8872-518F-83CD-1D375020A9D9","","","",""
"2026-09-27T07:47:00+03:00","133","observedRawSignal","","","","REM","","5F7AA24D-8872-518F-83CD-1D375020A9D9","","","",""
"2026-09-27T07:48:00+03:00","128","observedRawSignal","","","","REM","","5F7AA24D-8872-518F-83CD-1D375020A9D9","","","",""
"2026-09-27T07:49:00+03:00","138","observedRawSignal","","","","REM","","5F7AA24D-8872-518F-83CD-1D375020A9D9","","","",""
"2026-09-27T07:50:00+03:00","128","observedRawSignal","","","","REM","","5F7AA24D-8872-518F-83CD-1D375020A9D9","","","",""
"2026-09-27T07:51:00+03:00","128","observedRawSignal","","","","REM","","5F7AA24D-8872-518F-83CD-1D375020A9D9","","","",""
"2026-09-27T07:52:00+03:00","128","observedRawSignal","","","","REM","","5F7AA24D-8872-518F-83CD-1D375020A9D9","","","",""
"2026-09-27T07:53:00+03:00","139","observedRawSignal","","","","REM","","5F7AA24D-8872-518F-83CD-1D375020A9D9","","","",""
"2026-09-27T07:54:00+03:00","128","observedRawSignal","","","","REM","","5F7AA24D-8872-518F-83CD-1D375020A9D9","","","",""
"2026-09-27T07:55:00+03:00","128","observedRawSignal","","","","REM","","5F7AA24D-8872-518F-83CD-1D375020A9D9","","","",""
"2026-09-27T07:56:00+03:00","128","observedRawSignal","","","","REM","","5F7AA24D-8872-518F-83CD-1D375020A9D9","","","",""
"2026-09-27T07:57:00+03:00","128","observedRawSignal","","","","REM","","5F7AA24D-8872-518F-83CD-1D375020A9D9","","","",""
"2026-09-27T07:58:00+03:00","128","observedRawSignal","","","","REM","","5F7AA24D-8872-518F-83CD-1D375020A9D9","","","",""
"2026-09-27T07:59:00+03:00","128","observedRawSignal","","","","REM","","5F7AA24D-8872-518F-83CD-1D375020A9D9","","","",""
"2026-09-27T08:00:00+03:00","136","observedRawSignal","","","","Awake","","5F7AA24D-8872-518F-83CD-1D375020A9D9","","","",""
"2026-09-27T08:01:00+03:00","135","observedRawSignal","","","","Awake","","5F7AA24D-8872-518F-83CD-1D375020A9D9","","","",""
"2026-09-27T08:02:00+03:00","142","observedRawSignal","","","","Awake","","5F7AA24D-8872-518F-83CD-1D375020A9D9","","","",""
"2026-09-27T08:03:00+03:00","161","observedRawSignal","","","","Awake","","5F7AA24D-8872-518F-83CD-1D375020A9D9","","","",""
"2026-09-27T08:04:00+03:00","128","observedRawSignal","","","","Awake","","5F7AA24D-8872-518F-83CD-1D375020A9D9","","","",""
"2026-09-27T08:05:00+03:00","128","observedRawSignal","","","","Awake","","5F7AA24D-8872-518F-83CD-1D375020A9D9","72.0","10.0","","bd1b8fe7188303887d5a62e4ab098866f7cdb173ad5b23a061780ba0dd64d365;50fb5a61b23b836e0d59b93dca30bedd38e838be2f6d35ba7dbc60a5a2d379bf"
"2026-09-27T08:06:00+03:00","128","observedRawSignal","","","","Awake","","5F7AA24D-8872-518F-83CD-1D375020A9D9","","","",""
"2026-09-27T08:07:00+03:00","128","observedRawSignal","","","","Awake","","5F7AA24D-8872-518F-83CD-1D375020A9D9","","","",""
"2026-09-27T08:08:00+03:00","128","observedRawSignal","","","","Awake","","5F7AA24D-8872-518F-83CD-1D375020A9D9","","","",""
"2026-09-27T08:09:00+03:00","128","observedRawSignal","","","","Awake","","5F7AA24D-8872-518F-83CD-1D375020A9D9","","","",""
"2026-09-27T08:10:00+03:00","142","observedRawSignal","","","","Awake","","5F7AA24D-8872-518F-83CD-1D375020A9D9","","","",""
"2026-09-27T08:11:00+03:00","128","observedRawSignal","","","","Awake","","5F7AA24D-8872-518F-83CD-1D375020A9D9","","","",""
"2026-09-27T08:12:00+03:00","128","observedRawSignal","","","","Awake","","5F7AA24D-8872-518F-83CD-1D375020A9D9","","","",""
"2026-09-27T08:13:00+03:00","128","observedRawSignal","","","","Awake","","5F7AA24D-8872-518F-83CD-1D375020A9D9","","","",""
"2026-09-27T08:14:00+03:00","129","observedRawSignal","","","","Awake","","5F7AA24D-8872-518F-83CD-1D375020A9D9","","","",""
"2026-09-27T08:15:00+03:00","128","observedRawSignal","","","","Awake","","5F7AA24D-8872-518F-83CD-1D375020A9D9","","","",""
"2026-09-27T08:16:00+03:00","128","observedRawSignal","","","","Awake","","5F7AA24D-8872-518F-83CD-1D375020A9D9","","","",""
"2026-09-27T08:17:00+03:00","128","observedRawSignal","","","","Awake","","5F7AA24D-8872-518F-83CD-1D375020A9D9","","","",""
"2026-09-27T08:18:00+03:00","128","observedRawSignal","","","","Awake","","5F7AA24D-8872-518F-83CD-1D375020A9D9","","","",""
"2026-09-27T08:19:00+03:00","128","observedRawSignal","","","","Awake","","5F7AA24D-8872-518F-83CD-1D375020A9D9","","","",""
"2026-09-27T08:20:00+03:00","128","observedRawSignal","","","","Awake","","5F7AA24D-8872-518F-83CD-1D375020A9D9","","","",""
"2026-09-27T08:21:00+03:00","128","observedRawSignal","","","","Awake","","5F7AA24D-8872-518F-83CD-1D375020A9D9","","","",""
"2026-09-27T08:22:00+03:00","128","observedRawSignal","","","","Core","","5F7AA24D-8872-518F-83CD-1D375020A9D9","","","",""
"2026-09-27T08:23:00+03:00","143","observedRawSignal","","","","Core","","5F7AA24D-8872-518F-83CD-1D375020A9D9","","","",""
"2026-09-27T08:24:00+03:00","128","observedRawSignal","","","","Core","","5F7AA24D-8872-518F-83CD-1D375020A9D9","","","",""
"2026-09-27T08:25:00+03:00","128","observedRawSignal","","","","Core","","5F7AA24D-8872-518F-83CD-1D375020A9D9","","","",""
"2026-09-27T08:26:00+03:00","128","observedRawSignal","","","","Core","","5F7AA24D-8872-518F-83CD-1D375020A9D9","","","",""
"2026-09-27T08:27:00+03:00","128","observedRawSignal","","","","Core","","5F7AA24D-8872-518F-83CD-1D375020A9D9","","","",""
"2026-09-27T08:28:00+03:00","128","observedRawSignal","","","","Core","","5F7AA24D-8872-518F-83CD-1D375020A9D9","","","",""
"2026-09-27T08:29:00+03:00","128","observedRawSignal","","","","Core","","5F7AA24D-8872-518F-83CD-1D375020A9D9","","","",""
"2026-09-27T08:30:00+03:00","135","observedRawSignal","","","","Core","","5F7AA24D-8872-518F-83CD-1D375020A9D9","","","",""
"2026-09-27T08:31:00+03:00","128","observedRawSignal","","","","Core","","5F7AA24D-8872-518F-83CD-1D375020A9D9","","","",""
"2026-09-27T08:32:00+03:00","128","observedRawSignal","","","","Core","","5F7AA24D-8872-518F-83CD-1D375020A9D9","","","",""
"2026-09-27T08:33:00+03:00","128","observedRawSignal","","","","Core","","5F7AA24D-8872-518F-83CD-1D375020A9D9","","","",""
"2026-09-27T08:34:00+03:00","128","observedRawSignal","","","","Core","","5F7AA24D-8872-518F-83CD-1D375020A9D9","","","",""
"2026-09-27T08:35:00+03:00","134","observedRawSignal","","","","REM","","5F7AA24D-8872-518F-83CD-1D375020A9D9","66.0","11.0","","1cb45301151cab91cd67f29d2c01dd3c2dd1ba3a101155a7613a68eeca4b0b49;ee43c0c3ccd5cecc59acca7d0042cb11cb473b93bd94111a07f9ed795477377b"
"2026-09-27T08:36:00+03:00","128","observedRawSignal","","","","REM","","5F7AA24D-8872-518F-83CD-1D375020A9D9","","","",""
"2026-09-27T08:37:00+03:00","128","observedRawSignal","","","","REM","","5F7AA24D-8872-518F-83CD-1D375020A9D9","","","",""
"2026-09-27T08:38:00+03:00","134","observedRawSignal","","","","REM","","5F7AA24D-8872-518F-83CD-1D375020A9D9","","","",""
"2026-09-27T08:39:00+03:00","143","observedRawSignal","","","","REM","","5F7AA24D-8872-518F-83CD-1D375020A9D9","","","",""
"2026-09-27T08:40:00+03:00","128","observedRawSignal","","","","REM","","5F7AA24D-8872-518F-83CD-1D375020A9D9","","","",""
"2026-09-27T08:41:00+03:00","128","observedRawSignal","","","","REM","","5F7AA24D-8872-518F-83CD-1D375020A9D9","","","",""
"2026-09-27T08:42:00+03:00","128","observedRawSignal","","","","REM","","5F7AA24D-8872-518F-83CD-1D375020A9D9","","","",""
"2026-09-27T08:43:00+03:00","128","observedRawSignal","","","","REM","","5F7AA24D-8872-518F-83CD-1D375020A9D9","","","",""
"2026-09-27T08:44:00+03:00","128","observedRawSignal","","","","REM","","5F7AA24D-8872-518F-83CD-1D375020A9D9","","","",""
"2026-09-27T08:45:00+03:00","133","observedRawSignal","","","","Core","","5F7AA24D-8872-518F-83CD-1D375020A9D9","","","",""
"2026-09-27T08:46:00+03:00","128","observedRawSignal","","","","Core","","5F7AA24D-8872-518F-83CD-1D375020A9D9","","","",""
"2026-09-27T08:47:00+03:00","128","observedRawSignal","","","","Core","","5F7AA24D-8872-518F-83CD-1D375020A9D9","","","",""
"2026-09-27T08:48:00+03:00","128","observedRawSignal","","","","Core","","5F7AA24D-8872-518F-83CD-1D375020A9D9","","","",""
"2026-09-27T08:49:00+03:00","128","observedRawSignal","","","","Core","","5F7AA24D-8872-518F-83CD-1D375020A9D9","","","",""
"2026-09-27T08:50:00+03:00","128","observedRawSignal","","","","REM","","5F7AA24D-8872-518F-83CD-1D375020A9D9","","","",""
"2026-09-27T08:51:00+03:00","137","observedRawSignal","","","","REM","","5F7AA24D-8872-518F-83CD-1D375020A9D9","","","",""
"2026-09-27T08:52:00+03:00","128","observedRawSignal","","","","REM","","5F7AA24D-8872-518F-83CD-1D375020A9D9","","","",""
"2026-09-27T08:53:00+03:00","128","observedRawSignal","","","","REM","","5F7AA24D-8872-518F-83CD-1D375020A9D9","","","",""
"2026-09-27T08:54:00+03:00","128","observedRawSignal","","","","REM","","5F7AA24D-8872-518F-83CD-1D375020A9D9","","","",""
"2026-09-27T08:55:00+03:00","128","observedRawSignal","","","","REM","","5F7AA24D-8872-518F-83CD-1D375020A9D9","","","",""
"2026-09-27T08:56:00+03:00","128","observedRawSignal","","","","REM","","5F7AA24D-8872-518F-83CD-1D375020A9D9","","","",""
"2026-09-27T08:57:00+03:00","133","observedRawSignal","","","","REM","","5F7AA24D-8872-518F-83CD-1D375020A9D9","","","",""
"2026-09-27T08:58:00+03:00","128","observedRawSignal","","","","REM","","5F7AA24D-8872-518F-83CD-1D375020A9D9","","","",""
"2026-09-27T08:59:00+03:00","129","observedRawSignal","","","","REM","","5F7AA24D-8872-518F-83CD-1D375020A9D9","","","",""
"2026-09-27T09:00:00+03:00","148","observedRawSignal","","","","REM","","F6143797-E09B-5245-978B-BE31778BF898","","","",""
"2026-09-27T09:01:00+03:00","128","observedRawSignal","","","","REM","","F6143797-E09B-5245-978B-BE31778BF898","","","",""
"2026-09-27T09:02:00+03:00","128","observedRawSignal","","","","REM","","F6143797-E09B-5245-978B-BE31778BF898","","","",""
"2026-09-27T09:03:00+03:00","128","observedRawSignal","","","","REM","","F6143797-E09B-5245-978B-BE31778BF898","","","",""
"2026-09-27T09:04:00+03:00","128","observedRawSignal","","","","REM","","F6143797-E09B-5245-978B-BE31778BF898","","","",""
"2026-09-27T09:05:00+03:00","128","observedRawSignal","","","","REM","","F6143797-E09B-5245-978B-BE31778BF898","64.0","14.0","","e39f8b31da3602cf12501f5f83aa3a6ab504fed68c0fbf8c2f5d1407a56b530c;537cedec37b682ee6a4d96986f58bddd4bd58fa5375ea85774510a251ae6c735"
"2026-09-27T09:06:00+03:00","128","observedRawSignal","","","","Core","","F6143797-E09B-5245-978B-BE31778BF898","","","",""
"2026-09-27T09:07:00+03:00","128","observedRawSignal","","","","Core","","F6143797-E09B-5245-978B-BE31778BF898","","","",""
"2026-09-27T09:08:00+03:00","128","observedRawSignal","","","","Core","","F6143797-E09B-5245-978B-BE31778BF898","","","",""
"2026-09-27T09:09:00+03:00","128","observedRawSignal","","","","Core","","F6143797-E09B-5245-978B-BE31778BF898","","","",""
"2026-09-27T09:10:00+03:00","128","observedRawSignal","","","","Core","","F6143797-E09B-5245-978B-BE31778BF898","","","",""
"2026-09-27T09:11:00+03:00","128","observedRawSignal","","","","Core","","F6143797-E09B-5245-978B-BE31778BF898","","","",""
"2026-09-27T09:12:00+03:00","128","observedRawSignal","","","","REM","","F6143797-E09B-5245-978B-BE31778BF898","","","",""
"2026-09-27T09:13:00+03:00","128","observedRawSignal","","","","REM","","F6143797-E09B-5245-978B-BE31778BF898","","","",""
"2026-09-27T09:14:00+03:00","128","observedRawSignal","","","","REM","","F6143797-E09B-5245-978B-BE31778BF898","","","",""
"2026-09-27T09:15:00+03:00","128","observedRawSignal","","","","REM","","F6143797-E09B-5245-978B-BE31778BF898","","","",""
"2026-09-27T09:16:00+03:00","128","observedRawSignal","","","","REM","","F6143797-E09B-5245-978B-BE31778BF898","","","",""
"2026-09-27T09:17:00+03:00","137","observedRawSignal","","","","REM","","F6143797-E09B-5245-978B-BE31778BF898","","","",""
"2026-09-27T09:18:00+03:00","128","observedRawSignal","","","","REM","","F6143797-E09B-5245-978B-BE31778BF898","","","",""
"2026-09-27T09:19:00+03:00","140","observedRawSignal","","","","REM","","F6143797-E09B-5245-978B-BE31778BF898","","","",""
"2026-09-27T09:20:00+03:00","2","observedRawSignal","","","","Awake","","F6143797-E09B-5245-978B-BE31778BF898","","","",""
"2026-09-27T09:21:00+03:00","0","zeroUninterpreted","","","","Awake","","F6143797-E09B-5245-978B-BE31778BF898","","","",""
"2026-09-27T09:22:00+03:00","0","zeroUninterpreted","","","","Awake","","F6143797-E09B-5245-978B-BE31778BF898","","","",""
"2026-09-27T09:23:00+03:00","0","zeroUninterpreted","","","","Awake","","F6143797-E09B-5245-978B-BE31778BF898","","","",""
"2026-09-27T09:24:00+03:00","0","zeroUninterpreted","","","","Awake","","F6143797-E09B-5245-978B-BE31778BF898","","","",""
"2026-09-27T09:25:00+03:00","0","zeroUninterpreted","","","","Awake","","F6143797-E09B-5245-978B-BE31778BF898","","","",""
"2026-09-27T09:26:00+03:00","0","zeroUninterpreted","","","","Awake","","F6143797-E09B-5245-978B-BE31778BF898","","","",""
"2026-09-27T09:27:00+03:00","0","zeroUninterpreted","","","","Awake","","F6143797-E09B-5245-978B-BE31778BF898","","","",""
"2026-09-27T09:28:00+03:00","0","zeroUninterpreted","","","","Awake","","F6143797-E09B-5245-978B-BE31778BF898","","","",""
"2026-09-27T09:29:00+03:00","0","zeroUninterpreted","","","","Awake","","F6143797-E09B-5245-978B-BE31778BF898","","","",""
"2026-09-27T09:30:00+03:00","136","observedRawSignal","","","","Awake","","F6143797-E09B-5245-978B-BE31778BF898","","","",""
"2026-09-27T09:31:00+03:00","132","observedRawSignal","","","","Awake","","F6143797-E09B-5245-978B-BE31778BF898","","","",""
"2026-09-27T09:32:00+03:00","128","observedRawSignal","","","","Awake","","F6143797-E09B-5245-978B-BE31778BF898","","","",""
"2026-09-27T09:33:00+03:00","132","observedRawSignal","","","","Awake","","F6143797-E09B-5245-978B-BE31778BF898","","","",""
"2026-09-27T09:34:00+03:00","128","observedRawSignal","","","","Awake","","F6143797-E09B-5245-978B-BE31778BF898","","","",""
"2026-09-27T09:35:00+03:00","128","observedRawSignal","","","","Awake","","F6143797-E09B-5245-978B-BE31778BF898","71.0","14.0","","e6d709b1859d23df00082687eecaedefc36b16ba9ebb9f8bdff549be5039cb4a;e3f7326b5692958ec10ea7874b3f2d80b6db642e17d450cb197fb7c98219ff83"
"2026-09-27T09:36:00+03:00","128","observedRawSignal","","","","Awake","","F6143797-E09B-5245-978B-BE31778BF898","","","",""
"2026-09-27T09:37:00+03:00","145","observedRawSignal","","","","Core","","F6143797-E09B-5245-978B-BE31778BF898","","","",""
"2026-09-27T09:38:00+03:00","128","observedRawSignal","","","","Core","","F6143797-E09B-5245-978B-BE31778BF898","","","",""
"2026-09-27T09:39:00+03:00","128","observedRawSignal","","","","Core","","F6143797-E09B-5245-978B-BE31778BF898","","","",""
"2026-09-27T09:40:00+03:00","128","observedRawSignal","","","","Core","","F6143797-E09B-5245-978B-BE31778BF898","","","",""
"2026-09-27T09:41:00+03:00","128","observedRawSignal","","","","Core","","F6143797-E09B-5245-978B-BE31778BF898","","","",""
"2026-09-27T09:42:00+03:00","128","observedRawSignal","","","","Core","","F6143797-E09B-5245-978B-BE31778BF898","","","",""
"2026-09-27T09:43:00+03:00","128","observedRawSignal","","","","Core","","F6143797-E09B-5245-978B-BE31778BF898","","","",""
"2026-09-27T09:44:00+03:00","128","observedRawSignal","","","","Core","","F6143797-E09B-5245-978B-BE31778BF898","","","",""
"2026-09-27T09:45:00+03:00","136","observedRawSignal","","","","Core","","F6143797-E09B-5245-978B-BE31778BF898","","","",""
"2026-09-27T09:46:00+03:00","138","observedRawSignal","","","","Core","","F6143797-E09B-5245-978B-BE31778BF898","","","",""
"2026-09-27T09:47:00+03:00","128","observedRawSignal","","","","Core","","F6143797-E09B-5245-978B-BE31778BF898","","","",""
"2026-09-27T09:48:00+03:00","128","observedRawSignal","","","","Core","","F6143797-E09B-5245-978B-BE31778BF898","","","",""
"2026-09-27T09:49:00+03:00","128","observedRawSignal","","","","REM","","F6143797-E09B-5245-978B-BE31778BF898","","","",""
"2026-09-27T09:50:00+03:00","128","observedRawSignal","","","","REM","","F6143797-E09B-5245-978B-BE31778BF898","","","",""
"2026-09-27T09:51:00+03:00","130","observedRawSignal","","","","REM","","F6143797-E09B-5245-978B-BE31778BF898","","","",""
"2026-09-27T09:52:00+03:00","141","observedRawSignal","","","","REM","","F6143797-E09B-5245-978B-BE31778BF898","","","",""
"2026-09-27T09:53:00+03:00","128","observedRawSignal","","","","REM","","F6143797-E09B-5245-978B-BE31778BF898","","","",""
"2026-09-27T09:54:00+03:00","128","observedRawSignal","","","","REM","","F6143797-E09B-5245-978B-BE31778BF898","","","",""
"2026-09-27T09:55:00+03:00","128","observedRawSignal","","","","REM","","F6143797-E09B-5245-978B-BE31778BF898","","","",""
"2026-09-27T09:56:00+03:00","128","observedRawSignal","","","","REM","","F6143797-E09B-5245-978B-BE31778BF898","","","",""
